{"cameraMode":{"drawMode":0,"name":"Shaded","section":"Shading Mode"},"sceneLighting":true,"audioPlay":false,"sceneViewState":{"showFog":true,"showMaterialUpdate":true,"showSkybox":true,"showFlares":true,"showImageEffects":true,"showParticleSystems":true},"in2DMode":false,"pivot":{"x":-316.9077453613281,"y":373.2979431152344,"z":272.6134033203125},"rotation":{"x":0.11426732689142227,"y":0.8378559350967407,"z":-0.19198302924633027,"w":0.4981514811515808},"size":93.59939575195313,"orthographic":false}